x,kt2,mu2,time_per_call_ns
0.0001,1,4,1066
0.0001,1,5,1101
0.0001,1,10,1424
0.0001,1,20,1291
0.0001,1,50,1224
0.0001,1,100,1323
0.0001,1,200,1190
0.0001,1,500,1077
0.0001,1,1000,982
0.0001,1,2000,1099
0.0001,1,5000,1126
0.0001,2,4,978
0.0001,2,5,1031
0.0001,2,10,988
0.0001,2,20,1054
0.0001,2,50,1028
0.0001,2,100,999
0.0001,2,200,1034
0.0001,2,500,997
0.0001,2,1000,906
0.0001,2,2000,1134
0.0001,2,5000,1271
0.0001,5,4,1029
0.0001,5,5,1094
0.0001,5,10,993
0.0001,5,20,1073
0.0001,5,50,1049
0.0001,5,100,967
0.0001,5,200,1106
0.0001,5,500,1051
0.0001,5,1000,1015
0.0001,5,2000,1093
0.0001,5,5000,1086
0.0001,10,4,982
0.0001,10,5,1006
0.0001,10,10,970
0.0001,10,20,1042
0.0001,10,50,1000
0.0001,10,100,927
0.0001,10,200,1059
0.0001,10,500,1033
0.0001,10,1000,985
0.0001,10,2000,1053
0.0001,10,5000,1042
0.0001,20,4,1008
0.0001,20,5,1174
0.0001,20,10,1044
0.0001,20,20,2506
0.0001,20,50,30434
0.0001,20,100,956
0.0001,20,200,1067
0.0001,20,500,1043
0.0001,20,1000,983
0.0001,20,2000,1057
0.0001,20,5000,1051
0.0001,50,4,1014
0.0001,50,5,1072
0.0001,50,10,1006
0.0001,50,20,1091
0.0001,50,50,1044
0.0001,50,100,1047
0.0001,50,200,1090
0.0001,50,500,1071
0.0001,50,1000,1010
0.0001,50,2000,1090
0.0001,50,5000,1093
0.0001,100,4,993
0.0001,100,5,990
0.0001,100,10,998
0.0001,100,20,1354
0.0001,100,50,981
0.0001,100,100,943
0.0001,100,200,1064
0.0001,100,500,1032
0.0001,100,1000,1021
0.0001,100,2000,1051
0.0001,100,5000,1087
0.0001,200,4,1011
0.0001,200,5,1055
0.0001,200,10,981
0.0001,200,20,1086
0.0001,200,50,1044
0.0001,200,100,982
0.0001,200,200,1090
0.0001,200,500,1041
0.0001,200,1000,996
0.0001,200,2000,1074
0.0001,200,5000,1087
0.0001,500,4,997
0.0001,500,5,1020
0.0001,500,10,979
0.0001,500,20,1086
0.0001,500,50,1018
0.0001,500,100,1012
0.0001,500,200,1221
0.0001,500,500,1044
0.0001,500,1000,959
0.0001,500,2000,1069
0.0001,500,5000,1065
0.0001,1000,4,1003
0.0001,1000,5,1039
0.0001,1000,10,1001
0.0001,1000,20,1066
0.0001,1000,50,1040
0.0001,1000,100,941
0.0001,1000,200,1073
0.0001,1000,500,1058
0.0001,1000,1000,1007
0.0001,1000,2000,1150
0.0001,1000,5000,1237
0.0001,2000,4,931
0.0001,2000,5,978
0.0001,2000,10,907
0.0001,2000,20,1003
0.0001,2000,50,968
0.0001,2000,100,961
0.0001,2000,200,1014
0.0001,2000,500,986
0.0001,2000,1000,1086
0.0001,2000,2000,1146
0.0001,2000,5000,1045
0.0001,5000,4,1055
0.0001,5000,5,1041
0.0001,5000,10,1017
0.0001,5000,20,1075
0.0001,5000,50,1020
0.0001,5000,100,961
0.0001,5000,200,1057
0.0001,5000,500,1027
0.0001,5000,1000,1027
0.0001,5000,2000,1083
0.0001,5000,5000,1084
0.001,1,4,1017
0.001,1,5,1041
0.001,1,10,979
0.001,1,20,1090
0.001,1,50,1066
0.001,1,100,948
0.001,1,200,1090
0.001,1,500,1042
0.001,1,1000,983
0.001,1,2000,1075
0.001,1,5000,1057
0.001,2,4,1164
0.001,2,5,1066
0.001,2,10,944
0.001,2,20,1045
0.001,2,50,966
0.001,2,100,905
0.001,2,200,1017
0.001,2,500,965
0.001,2,1000,953
0.001,2,2000,1027
0.001,2,5000,1037
0.001,5,4,1076
0.001,5,5,1044
0.001,5,10,977
0.001,5,20,1088
0.001,5,50,1043
0.001,5,100,990
0.001,5,200,1064
0.001,5,500,1065
0.001,5,1000,995
0.001,5,2000,1103
0.001,5,5000,1063
0.001,10,4,1003
0.001,10,5,1014
0.001,10,10,955
0.001,10,20,1160
0.001,10,50,1196
0.001,10,100,929
0.001,10,200,1127
0.001,10,500,1037
0.001,10,1000,945
0.001,10,2000,1054
0.001,10,5000,1032
0.001,20,4,994
0.001,20,5,1068
0.001,20,10,970
0.001,20,20,1085
0.001,20,50,1031
0.001,20,100,1023
0.001,20,200,1048
0.001,20,500,1068
0.001,20,1000,1006
0.001,20,2000,1083
0.001,20,5000,1129
0.001,50,4,1023
0.001,50,5,1075
0.001,50,10,978
0.001,50,20,1073
0.001,50,50,1050
0.001,50,100,1076
0.001,50,200,1391
0.001,50,500,1063
0.001,50,1000,1055
0.001,50,2000,1143
0.001,50,5000,1107
0.001,100,4,1004
0.001,100,5,1086
0.001,100,10,1056
0.001,100,20,1117
0.001,100,50,1028
0.001,100,100,923
0.001,100,200,1015
0.001,100,500,1019
0.001,100,1000,980
0.001,100,2000,1087
0.001,100,5000,1059
0.001,200,4,1032
0.001,200,5,1024
0.001,200,10,995
0.001,200,20,1085
0.001,200,50,1041
0.001,200,100,1121
0.001,200,200,1075
0.001,200,500,1042
0.001,200,1000,1134
0.001,200,2000,1158
0.001,200,5000,1083
0.001,500,4,968
0.001,500,5,1026
0.001,500,10,970
0.001,500,20,1164
0.001,500,50,1026
0.001,500,100,1098
0.001,500,200,1054
0.001,500,500,1056
0.001,500,1000,1081
0.001,500,2000,1062
0.001,500,5000,1063
0.001,1000,4,1007
0.001,1000,5,1031
0.001,1000,10,999
0.001,1000,20,1050
0.001,1000,50,1018
0.001,1000,100,971
0.001,1000,200,1151
0.001,1000,500,1044
0.001,1000,1000,1012
0.001,1000,2000,1128
0.001,1000,5000,1126
0.001,2000,4,1510
0.001,2000,5,997
0.001,2000,10,939
0.001,2000,20,985
0.001,2000,50,988
0.001,2000,100,902
0.001,2000,200,1023
0.001,2000,500,979
0.001,2000,1000,946
0.001,2000,2000,1012
0.001,2000,5000,1120
0.001,5000,4,1033
0.001,5000,5,1064
0.001,5000,10,980
0.001,5000,20,1143
0.001,5000,50,1103
0.001,5000,100,949
0.001,5000,200,1069
0.001,5000,500,1063
0.001,5000,1000,1024
0.001,5000,2000,1080
0.001,5000,5000,1085
0.01,1,4,986
0.01,1,5,1032
0.01,1,10,1075
0.01,1,20,1287
0.01,1,50,1053
0.01,1,100,942
0.01,1,200,1078
0.01,1,500,1077
0.01,1,1000,964
0.01,1,2000,1082
0.01,1,5000,1057
0.01,2,4,955
0.01,2,5,950
0.01,2,10,938
0.01,2,20,976
0.01,2,50,983
0.01,2,100,902
0.01,2,200,1004
0.01,2,500,978
0.01,2,1000,922
0.01,2,2000,989
0.01,2,5000,991
0.01,5,4,1112
0.01,5,5,1036
0.01,5,10,986
0.01,5,20,1091
0.01,5,50,1035
0.01,5,100,965
0.01,5,200,1261
0.01,5,500,1126
0.01,5,1000,995
0.01,5,2000,1140
0.01,5,5000,1072
0.01,10,4,955
0.01,10,5,1006
0.01,10,10,958
0.01,10,20,1093
0.01,10,50,999
0.01,10,100,928
0.01,10,200,1016
0.01,10,500,1001
0.01,10,1000,933
0.01,10,2000,1054
0.01,10,5000,1035
0.01,20,4,1001
0.01,20,5,1146
0.01,20,10,1046
0.01,20,20,1178
0.01,20,50,1065
0.01,20,100,911
0.01,20,200,1067
0.01,20,500,1075
0.01,20,1000,959
0.01,20,2000,1440
0.01,20,5000,1031
0.01,50,4,1010
0.01,50,5,1083
0.01,50,10,978
0.01,50,20,1045
0.01,50,50,1042
0.01,50,100,978
0.01,50,200,1056
0.01,50,500,1056
0.01,50,1000,979
0.01,50,2000,1125
0.01,50,5000,1147
0.01,100,4,978
0.01,100,5,991
0.01,100,10,2179
0.01,100,20,1063
0.01,100,50,1013
0.01,100,100,925
0.01,100,200,1049
0.01,100,500,1028
0.01,100,1000,944
0.01,100,2000,1025
0.01,100,5000,1159
0.01,200,4,1217
0.01,200,5,1172
0.01,200,10,990
0.01,200,20,1058
0.01,200,50,1034
0.01,200,100,950
0.01,200,200,1061
0.01,200,500,1044
0.01,200,1000,984
0.01,200,2000,1059
0.01,200,5000,1129
0.01,500,4,962
0.01,500,5,1052
0.01,500,10,949
0.01,500,20,1028
0.01,500,50,1161
0.01,500,100,31057
0.01,500,200,1052
0.01,500,500,990
0.01,500,1000,941
0.01,500,2000,1055
0.01,500,5000,1042
0.01,1000,4,985
0.01,1000,5,1021
0.01,1000,10,1326
0.01,1000,20,1106
0.01,1000,50,1062
0.01,1000,100,958
0.01,1000,200,1041
0.01,1000,500,1096
0.01,1000,1000,1017
0.01,1000,2000,1285
0.01,1000,5000,1062
0.01,2000,4,938
0.01,2000,5,987
0.01,2000,10,886
0.01,2000,20,1018
0.01,2000,50,963
0.01,2000,100,862
0.01,2000,200,1059
0.01,2000,500,940
0.01,2000,1000,912
0.01,2000,2000,1017
0.01,2000,5000,989
0.01,5000,4,1099
0.01,5000,5,1024
0.01,5000,10,970
0.01,5000,20,1080
0.01,5000,50,1044
0.01,5000,100,1127
0.01,5000,200,1213
0.01,5000,500,1025
0.01,5000,1000,975
0.01,5000,2000,1074
0.01,5000,5000,1108
0.1,1,4,1080
0.1,1,5,1087
0.1,1,10,970
0.1,1,20,1172
0.1,1,50,1105
0.1,1,100,985
0.1,1,200,1084
0.1,1,500,1058
0.1,1,1000,1013
0.1,1,2000,1100
0.1,1,5000,1126
0.1,2,4,967
0.1,2,5,984
0.1,2,10,956
0.1,2,20,996
0.1,2,50,1017
0.1,2,100,914
0.1,2,200,1052
0.1,2,500,1029
0.1,2,1000,1215
0.1,2,2000,1037
0.1,2,5000,1024
0.1,5,4,1070
0.1,5,5,1052
0.1,5,10,1012
0.1,5,20,1096
0.1,5,50,1082
0.1,5,100,1013
0.1,5,200,1126
0.1,5,500,1082
0.1,5,1000,1026
0.1,5,2000,1093
0.1,5,5000,1192
0.1,10,4,998
0.1,10,5,1012
0.1,10,10,964
0.1,10,20,1055
0.1,10,50,1007
0.1,10,100,926
0.1,10,200,1046
0.1,10,500,1016
0.1,10,1000,1122
0.1,10,2000,1053
0.1,10,5000,1233
0.1,20,4,1122
0.1,20,5,1035
0.1,20,10,1135
0.1,20,20,1091
0.1,20,50,1037
0.1,20,100,961
0.1,20,200,1133
0.1,20,500,1019
0.1,20,1000,960
0.1,20,2000,1066
0.1,20,5000,1072
0.1,50,4,1031
0.1,50,5,1070
0.1,50,10,1020
0.1,50,20,1111
0.1,50,50,1054
0.1,50,100,1086
0.1,50,200,1079
0.1,50,500,1082
0.1,50,1000,1011
0.1,50,2000,1087
0.1,50,5000,1100
0.1,100,4,979
0.1,100,5,1090
0.1,100,10,1207
0.1,100,20,1071
0.1,100,50,1025
0.1,100,100,977
0.1,100,200,1058
0.1,100,500,1026
0.1,100,1000,1103
0.1,100,2000,1071
0.1,100,5000,1088
0.1,200,4,1014
0.1,200,5,1015
0.1,200,10,989
0.1,200,20,1072
0.1,200,50,1045
0.1,200,100,956
0.1,200,200,1113
0.1,200,500,1031
0.1,200,1000,981
0.1,200,2000,1158
0.1,200,5000,1097
0.1,500,4,1096
0.1,500,5,1023
0.1,500,10,1019
0.1,500,20,1078
0.1,500,50,1366
0.1,500,100,933
0.1,500,200,1057
0.1,500,500,1043
0.1,500,1000,994
0.1,500,2000,1106
0.1,500,5000,1072
0.1,1000,4,1040
0.1,1000,5,1080
0.1,1000,10,999
0.1,1000,20,1154
0.1,1000,50,1041
0.1,1000,100,1001
0.1,1000,200,1076
0.1,1000,500,1106
0.1,1000,1000,999
0.1,1000,2000,1088
0.1,1000,5000,1088
0.1,2000,4,969
0.1,2000,5,1063
0.1,2000,10,925
0.1,2000,20,992
0.1,2000,50,1009
0.1,2000,100,914
0.1,2000,200,1203
0.1,2000,500,1271
0.1,2000,1000,919
0.1,2000,2000,1003
0.1,2000,5000,1015
0.1,5000,4,1042
0.1,5000,5,1017
0.1,5000,10,1023
0.1,5000,20,1081
0.1,5000,50,1052
0.1,5000,100,981
0.1,5000,200,1084
0.1,5000,500,1073
0.1,5000,1000,1014
0.1,5000,2000,1094
0.1,5000,5000,1183
0.2,1,4,897
0.2,1,5,934
0.2,1,10,862
0.2,1,20,975
0.2,1,50,943
0.2,1,100,855
0.2,1,200,967
0.2,1,500,936
0.2,1,1000,864
0.2,1,2000,1057
0.2,1,5000,1215
0.2,2,4,850
0.2,2,5,873
0.2,2,10,799
0.2,2,20,940
0.2,2,50,927
0.2,2,100,768
0.2,2,200,890
0.2,2,500,875
0.2,2,1000,851
0.2,2,2000,908
0.2,2,5000,905
0.2,5,4,917
0.2,5,5,942
0.2,5,10,893
0.2,5,20,1092
0.2,5,50,972
0.2,5,100,854
0.2,5,200,1007
0.2,5,500,977
0.2,5,1000,914
0.2,5,2000,1072
0.2,5,5000,984
0.2,10,4,863
0.2,10,5,890
0.2,10,10,819
0.2,10,20,958
0.2,10,50,895
0.2,10,100,1218
0.2,10,200,946
0.2,10,500,1048
0.2,10,1000,941
0.2,10,2000,927
0.2,10,5000,952
0.2,20,4,893
0.2,20,5,940
0.2,20,10,1055
0.2,20,20,953
0.2,20,50,928
0.2,20,100,814
0.2,20,200,965
0.2,20,500,926
0.2,20,1000,857
0.2,20,2000,954
0.2,20,5000,948
0.2,50,4,934
0.2,50,5,952
0.2,50,10,958
0.2,50,20,967
0.2,50,50,962
0.2,50,100,848
0.2,50,200,995
0.2,50,500,1054
0.2,50,1000,906
0.2,50,2000,1006
0.2,50,5000,1308
0.2,100,4,875
0.2,100,5,923
0.2,100,10,824
0.2,100,20,928
0.2,100,50,945
0.2,100,100,811
0.2,100,200,1036
0.2,100,500,933
0.2,100,1000,851
0.2,100,2000,974
0.2,100,5000,945
0.2,200,4,934
0.2,200,5,1013
0.2,200,10,868
0.2,200,20,955
0.2,200,50,953
0.2,200,100,852
0.2,200,200,973
0.2,200,500,944
0.2,200,1000,842
0.2,200,2000,975
0.2,200,5000,1018
0.2,500,4,908
0.2,500,5,922
0.2,500,10,838
0.2,500,20,954
0.2,500,50,1081
0.2,500,100,996
0.2,500,200,1037
0.2,500,500,947
0.2,500,1000,881
0.2,500,2000,946
0.2,500,5000,942
0.2,1000,4,927
0.2,1000,5,927
0.2,1000,10,881
0.2,1000,20,983
0.2,1000,50,943
0.2,1000,100,908
0.2,1000,200,963
0.2,1000,500,961
0.2,1000,1000,858
0.2,1000,2000,972
0.2,1000,5000,1019
0.2,2000,4,839
0.2,2000,5,839
0.2,2000,10,785
0.2,2000,20,890
0.2,2000,50,863
0.2,2000,100,773
0.2,2000,200,869
0.2,2000,500,864
0.2,2000,1000,796
0.2,2000,2000,927
0.2,2000,5000,983
0.2,5000,4,1129
0.2,5000,5,911
0.2,5000,10,865
0.2,5000,20,995
0.2,5000,50,954
0.2,5000,100,990
0.2,5000,200,971
0.2,5000,500,940
0.2,5000,1000,883
0.2,5000,2000,2397
0.2,5000,5000,979
0.3,1,4,972
0.3,1,5,985
0.3,1,10,944
0.3,1,20,1093
0.3,1,50,992
0.3,1,100,914
0.3,1,200,1021
0.3,1,500,1028
0.3,1,1000,1032
0.3,1,2000,1028
0.3,1,5000,1015
0.3,2,4,880
0.3,2,5,947
0.3,2,10,1016
0.3,2,20,1145
0.3,2,50,954
0.3,2,100,861
0.3,2,200,1033
0.3,2,500,29642
0.3,2,1000,874
0.3,2,2000,981
0.3,2,5000,998
0.3,5,4,975
0.3,5,5,1132
0.3,5,10,978
0.3,5,20,1042
0.3,5,50,1017
0.3,5,100,910
0.3,5,200,1055
0.3,5,500,1004
0.3,5,1000,941
0.3,5,2000,1023
0.3,5,5000,1067
0.3,10,4,935
0.3,10,5,963
0.3,10,10,929
0.3,10,20,999
0.3,10,50,958
0.3,10,100,956
0.3,10,200,1200
0.3,10,500,1021
0.3,10,1000,885
0.3,10,2000,1136
0.3,10,5000,1025
0.3,20,4,948
0.3,20,5,977
0.3,20,10,905
0.3,20,20,1056
0.3,20,50,992
0.3,20,100,905
0.3,20,200,1014
0.3,20,500,990
0.3,20,1000,975
0.3,20,2000,1134
0.3,20,5000,1011
0.3,50,4,1044
0.3,50,5,994
0.3,50,10,961
0.3,50,20,1027
0.3,50,50,1018
0.3,50,100,902
0.3,50,200,1020
0.3,50,500,1107
0.3,50,1000,991
0.3,50,2000,1056
0.3,50,5000,1310
0.3,100,4,979
0.3,100,5,1118
0.3,100,10,913
0.3,100,20,1003
0.3,100,50,976
0.3,100,100,879
0.3,100,200,1024
0.3,100,500,975
0.3,100,1000,918
0.3,100,2000,1003
0.3,100,5000,1060
0.3,200,4,1036
0.3,200,5,956
0.3,200,10,902
0.3,200,20,1041
0.3,200,50,1031
0.3,200,100,1000
0.3,200,200,1060
0.3,200,500,999
0.3,200,1000,960
0.3,200,2000,1058
0.3,200,5000,1032
0.3,500,4,949
0.3,500,5,969
0.3,500,10,1072
0.3,500,20,1232
0.3,500,50,1054
0.3,500,100,889
0.3,500,200,1109
0.3,500,500,965
0.3,500,1000,930
0.3,500,2000,1123
0.3,500,5000,1018
0.3,1000,4,993
0.3,1000,5,973
0.3,1000,10,958
0.3,1000,20,1041
0.3,1000,50,1005
0.3,1000,100,922
0.3,1000,200,1038
0.3,1000,500,1016
0.3,1000,1000,994
0.3,1000,2000,1043
0.3,1000,5000,1042
0.3,2000,4,887
0.3,2000,5,923
0.3,2000,10,1076
0.3,2000,20,963
0.3,2000,50,939
0.3,2000,100,843
0.3,2000,200,1209
0.3,2000,500,997
0.3,2000,1000,862
0.3,2000,2000,971
0.3,2000,5000,970
0.3,5000,4,965
0.3,5000,5,1029
0.3,5000,10,944
0.3,5000,20,1018
0.3,5000,50,998
0.3,5000,100,1118
0.3,5000,200,1165
0.3,5000,500,1006
0.3,5000,1000,932
0.3,5000,2000,1050
0.3,5000,5000,1041
0.4,1,4,1030
0.4,1,5,1064
0.4,1,10,1019
0.4,1,20,1072
0.4,1,50,1110
0.4,1,100,937
0.4,1,200,1089
0.4,1,500,1059
0.4,1,1000,993
0.4,1,2000,1605
0.4,1,5000,1118
0.4,2,4,949
0.4,2,5,1025
0.4,2,10,934
0.4,2,20,1031
0.4,2,50,1140
0.4,2,100,912
0.4,2,200,1014
0.4,2,500,1010
0.4,2,1000,955
0.4,2,2000,1035
0.4,2,5000,1027
0.4,5,4,1021
0.4,5,5,1048
0.4,5,10,1058
0.4,5,20,1109
0.4,5,50,1105
0.4,5,100,1014
0.4,5,200,1107
0.4,5,500,1075
0.4,5,1000,1035
0.4,5,2000,1141
0.4,5,5000,1134
0.4,10,4,1013
0.4,10,5,1289
0.4,10,10,962
0.4,10,20,1212
0.4,10,50,1001
0.4,10,100,943
0.4,10,200,1048
0.4,10,500,1028
0.4,10,1000,969
0.4,10,2000,1067
0.4,10,5000,1033
0.4,20,4,984
0.4,20,5,1033
0.4,20,10,1017
0.4,20,20,1086
0.4,20,50,1052
0.4,20,100,946
0.4,20,200,1140
0.4,20,500,1097
0.4,20,1000,970
0.4,20,2000,1081
0.4,20,5000,1077
0.4,50,4,1027
0.4,50,5,1064
0.4,50,10,1000
0.4,50,20,1389
0.4,50,50,1218
0.4,50,100,1052
0.4,50,200,1378
0.4,50,500,1068
0.4,50,1000,1009
0.4,50,2000,1244
0.4,50,5000,1102
0.4,100,4,970
0.4,100,5,1017
0.4,100,10,1007
0.4,100,20,1076
0.4,100,50,1020
0.4,100,100,928
0.4,100,200,1060
0.4,100,500,1076
0.4,100,1000,988
0.4,100,2000,1064
0.4,100,5000,1093
0.4,200,4,1015
0.4,200,5,1112
0.4,200,10,995
0.4,200,20,1057
0.4,200,50,1061
0.4,200,100,1267
0.4,200,200,1110
0.4,200,500,1077
0.4,200,1000,1006
0.4,200,2000,1074
0.4,200,5000,1106
0.4,500,4,1011
0.4,500,5,1038
0.4,500,10,965
0.4,500,20,1063
0.4,500,50,1135
0.4,500,100,1009
0.4,500,200,1074
0.4,500,500,1060
0.4,500,1000,986
0.4,500,2000,1071
0.4,500,5000,1098
0.4,1000,4,1004
0.4,1000,5,1045
0.4,1000,10,1085
0.4,1000,20,1074
0.4,1000,50,1069
0.4,1000,100,985
0.4,1000,200,1099
0.4,1000,500,1420
0.4,1000,1000,1047
0.4,1000,2000,1088
0.4,1000,5000,1100
0.4,2000,4,972
0.4,2000,5,980
0.4,2000,10,916
0.4,2000,20,1014
0.4,2000,50,956
0.4,2000,100,872
0.4,2000,200,1102
0.4,2000,500,1006
0.4,2000,1000,954
0.4,2000,2000,1038
0.4,2000,5000,1037
0.4,5000,4,1103
0.4,5000,5,1052
0.4,5000,10,975
0.4,5000,20,1068
0.4,5000,50,1090
0.4,5000,100,993
0.4,5000,200,1078
0.4,5000,500,1030
0.4,5000,1000,1004
0.4,5000,2000,1156
0.4,5000,5000,1436
0.5,1,4,1032
0.5,1,5,1040
0.5,1,10,1039
0.5,1,20,1139
0.5,1,50,1058
0.5,1,100,945
0.5,1,200,1068
0.5,1,500,1066
0.5,1,1000,965
0.5,1,2000,1106
0.5,1,5000,1126
0.5,2,4,956
0.5,2,5,1082
0.5,2,10,1343
0.5,2,20,2124
0.5,2,50,973
0.5,2,100,1012
0.5,2,200,1066
0.5,2,500,978
0.5,2,1000,940
0.5,2,2000,1007
0.5,2,5000,1068
0.5,5,4,1347
0.5,5,5,1109
0.5,5,10,1011
0.5,5,20,1114
0.5,5,50,1076
0.5,5,100,989
0.5,5,200,1109
0.5,5,500,1078
0.5,5,1000,1135
0.5,5,2000,1114
0.5,5,5000,1112
0.5,10,4,1025
0.5,10,5,1051
0.5,10,10,947
0.5,10,20,1029
0.5,10,50,1021
0.5,10,100,913
0.5,10,200,1050
0.5,10,500,1088
0.5,10,1000,952
0.5,10,2000,1076
0.5,10,5000,1079
0.5,20,4,1060
0.5,20,5,1091
0.5,20,10,1187
0.5,20,20,1209
0.5,20,50,1040
0.5,20,100,1125
0.5,20,200,1084
0.5,20,500,1027
0.5,20,1000,972
0.5,20,2000,1147
0.5,20,5000,1090
0.5,50,4,1028
0.5,50,5,1070
0.5,50,10,1031
0.5,50,20,1192
0.5,50,50,1070
0.5,50,100,980
0.5,50,200,1074
0.5,50,500,1067
0.5,50,1000,1041
0.5,50,2000,31343
0.5,50,5000,1087
0.5,100,4,976
0.5,100,5,1045
0.5,100,10,988
0.5,100,20,1053
0.5,100,50,1240
0.5,100,100,1083
0.5,100,200,1190
0.5,100,500,1037
0.5,100,1000,966
0.5,100,2000,1057
0.5,100,5000,1089
0.5,200,4,1022
0.5,200,5,1040
0.5,200,10,972
0.5,200,20,1069
0.5,200,50,1086
0.5,200,100,1007
0.5,200,200,1087
0.5,200,500,1065
0.5,200,1000,995
0.5,200,2000,1115
0.5,200,5000,1121
0.5,500,4,1017
0.5,500,5,1017
0.5,500,10,966
0.5,500,20,1073
0.5,500,50,1032
0.5,500,100,932
0.5,500,200,1065
0.5,500,500,1365
0.5,500,1000,1035
0.5,500,2000,1070
0.5,500,5000,1128
0.5,1000,4,1017
0.5,1000,5,1114
0.5,1000,10,1054
0.5,1000,20,1083
0.5,1000,50,1052
0.5,1000,100,957
0.5,1000,200,1084
0.5,1000,500,1072
0.5,1000,1000,1006
0.5,1000,2000,1096
0.5,1000,5000,1109
0.5,2000,4,1043
0.5,2000,5,996
0.5,2000,10,949
0.5,2000,20,993
0.5,2000,50,965
0.5,2000,100,1031
0.5,2000,200,1029
0.5,2000,500,1001
0.5,2000,1000,949
0.5,2000,2000,1204
0.5,2000,5000,1182
0.5,5000,4,1009
0.5,5000,5,1032
0.5,5000,10,1000
0.5,5000,20,1081
0.5,5000,50,1055
0.5,5000,100,930
0.5,5000,200,1114
0.5,5000,500,1058
0.5,5000,1000,1158
0.5,5000,2000,1072
0.5,5000,5000,1082
0.6,1,4,1010
0.6,1,5,1059
0.6,1,10,1001
0.6,1,20,1064
0.6,1,50,1038
0.6,1,100,933
0.6,1,200,1103
0.6,1,500,1040
0.6,1,1000,1037
0.6,1,2000,1105
0.6,1,5000,1092
0.6,2,4,1049
0.6,2,5,1205
0.6,2,10,940
0.6,2,20,1019
0.6,2,50,977
0.6,2,100,900
0.6,2,200,1021
0.6,2,500,971
0.6,2,1000,922
0.6,2,2000,1032
0.6,2,5000,1055
0.6,5,4,1039
0.6,5,5,1075
0.6,5,10,1007
0.6,5,20,1096
0.6,5,50,1155
0.6,5,100,973
0.6,5,200,1066
0.6,5,500,1069
0.6,5,1000,1002
0.6,5,2000,1110
0.6,5,5000,1123
0.6,10,4,987
0.6,10,5,1008
0.6,10,10,993
0.6,10,20,1124
0.6,10,50,1267
0.6,10,100,922
0.6,10,200,1090
0.6,10,500,1155
0.6,10,1000,963
0.6,10,2000,1033
0.6,10,5000,1034
0.6,20,4,1034
0.6,20,5,1050
0.6,20,10,998
0.6,20,20,1061
0.6,20,50,1039
0.6,20,100,1020
0.6,20,200,1070
0.6,20,500,1033
0.6,20,1000,1009
0.6,20,2000,1068
0.6,20,5000,1157
0.6,50,4,1014
0.6,50,5,1072
0.6,50,10,999
0.6,50,20,1098
0.6,50,50,1070
0.6,50,100,973
0.6,50,200,1411
0.6,50,500,1053
0.6,50,1000,1046
0.6,50,2000,1094
0.6,50,5000,1130
0.6,100,4,1010
0.6,100,5,1103
0.6,100,10,1051
0.6,100,20,1041
0.6,100,50,1056
0.6,100,100,936
0.6,100,200,1072
0.6,100,500,1010
0.6,100,1000,981
0.6,100,2000,1077
0.6,100,5000,1038
0.6,200,4,1046
0.6,200,5,1065
0.6,200,10,1024
0.6,200,20,1066
0.6,200,50,1037
0.6,200,100,1038
0.6,200,200,1092
0.6,200,500,1050
0.6,200,1000,1333
0.6,200,2000,1073
0.6,200,5000,1082
0.6,500,4,1022
0.6,500,5,1013
0.6,500,10,979
0.6,500,20,1112
0.6,500,50,1019
0.6,500,100,955
0.6,500,200,1047
0.6,500,500,1037
0.6,500,1000,1144
0.6,500,2000,1083
0.6,500,5000,1073
0.6,1000,4,1000
0.6,1000,5,1071
0.6,1000,10,996
0.6,1000,20,1090
0.6,1000,50,1066
0.6,1000,100,958
0.6,1000,200,1150
0.6,1000,500,1041
0.6,1000,1000,1014
0.6,1000,2000,1132
0.6,1000,5000,1334
0.6,2000,4,1061
0.6,2000,5,975
0.6,2000,10,922
0.6,2000,20,1037
0.6,2000,50,977
0.6,2000,100,891
0.6,2000,200,1014
0.6,2000,500,975
0.6,2000,1000,911
0.6,2000,2000,1000
0.6,2000,5000,1054
0.6,5000,4,1038
0.6,5000,5,1082
0.6,5000,10,1023
0.6,5000,20,1113
0.6,5000,50,1086
0.6,5000,100,1004
0.6,5000,200,1078
0.6,5000,500,1056
0.6,5000,1000,1000
0.6,5000,2000,1102
0.6,5000,5000,1096
0.7,1,4,1037
0.7,1,5,1050
0.7,1,10,1343
0.7,1,20,1079
0.7,1,50,1040
0.7,1,100,977
0.7,1,200,1097
0.7,1,500,1105
0.7,1,1000,1039
0.7,1,2000,1114
0.7,1,5000,1090
0.7,2,4,983
0.7,2,5,991
0.7,2,10,955
0.7,2,20,1018
0.7,2,50,990
0.7,2,100,975
0.7,2,200,1025
0.7,2,500,1015
0.7,2,1000,933
0.7,2,2000,997
0.7,2,5000,1149
0.7,5,4,1014
0.7,5,5,1048
0.7,5,10,1025
0.7,5,20,1106
0.7,5,50,1126
0.7,5,100,1235
0.7,5,200,1076
0.7,5,500,1090
0.7,5,1000,1037
0.7,5,2000,1106
0.7,5,5000,1105
0.7,10,4,1007
0.7,10,5,1027
0.7,10,10,1043
0.7,10,20,1037
0.7,10,50,1036
0.7,10,100,950
0.7,10,200,1040
0.7,10,500,1027
0.7,10,1000,972
0.7,10,2000,1082
0.7,10,5000,1084
0.7,20,4,1093
0.7,20,5,1010
0.7,20,10,994
0.7,20,20,1240
0.7,20,50,2283
0.7,20,100,948
0.7,20,200,1385
0.7,20,500,1026
0.7,20,1000,990
0.7,20,2000,1082
0.7,20,5000,1070
0.7,50,4,1040
0.7,50,5,1060
0.7,50,10,1012
0.7,50,20,1101
0.7,50,50,1100
0.7,50,100,977
0.7,50,200,1103
0.7,50,500,1070
0.7,50,1000,1003
0.7,50,2000,1108
0.7,50,5000,1114
0.7,100,4,997
0.7,100,5,1088
0.7,100,10,984
0.7,100,20,1052
0.7,100,50,1047
0.7,100,100,950
0.7,100,200,1112
0.7,100,500,1063
0.7,100,1000,1351
0.7,100,2000,1049
0.7,100,5000,1087
0.7,200,4,1051
0.7,200,5,1034
0.7,200,10,984
0.7,200,20,1115
0.7,200,50,1058
0.7,200,100,947
0.7,200,200,1081
0.7,200,500,1122
0.7,200,1000,1119
0.7,200,2000,1091
0.7,200,5000,1101
0.7,500,4,1020
0.7,500,5,1056
0.7,500,10,952
0.7,500,20,1057
0.7,500,50,1062
0.7,500,100,979
0.7,500,200,1072
0.7,500,500,1075
0.7,500,1000,1015
0.7,500,2000,1113
0.7,500,5000,1414
0.7,1000,4,1008
0.7,1000,5,1039
0.7,1000,10,1011
0.7,1000,20,1129
0.7,1000,50,1067
0.7,1000,100,969
0.7,1000,200,29807
0.7,1000,500,1020
0.7,1000,1000,1020
0.7,1000,2000,1070
0.7,1000,5000,1078
0.7,2000,4,983
0.7,2000,5,1012
0.7,2000,10,940
0.7,2000,20,1004
0.7,2000,50,998
0.7,2000,100,921
0.7,2000,200,1021
0.7,2000,500,976
0.7,2000,1000,927
0.7,2000,2000,1037
0.7,2000,5000,1040
0.7,5000,4,1052
0.7,5000,5,1123
0.7,5000,10,1203
0.7,5000,20,1084
0.7,5000,50,1051
0.7,5000,100,970
0.7,5000,200,1119
0.7,5000,500,1063
0.7,5000,1000,994
0.7,5000,2000,1124
0.7,5000,5000,1102
0.8,1,4,1002
0.8,1,5,1007
0.8,1,10,993
0.8,1,20,1017
0.8,1,50,1023
0.8,1,100,960
0.8,1,200,1066
0.8,1,500,1033
0.8,1,1000,950
0.8,1,2000,1037
0.8,1,5000,1055
0.8,2,4,948
0.8,2,5,968
0.8,2,10,877
0.8,2,20,991
0.8,2,50,964
0.8,2,100,1147
0.8,2,200,978
0.8,2,500,979
0.8,2,1000,887
0.8,2,2000,1011
0.8,2,5000,988
0.8,5,4,992
0.8,5,5,1048
0.8,5,10,973
0.8,5,20,1076
0.8,5,50,1067
0.8,5,100,949
0.8,5,200,1042
0.8,5,500,1032
0.8,5,1000,1009
0.8,5,2000,1058
0.8,5,5000,1078
0.8,10,4,965
0.8,10,5,992
0.8,10,10,1027
0.8,10,20,1146
0.8,10,50,1017
0.8,10,100,920
0.8,10,200,1018
0.8,10,500,1000
0.8,10,1000,1221
0.8,10,2000,1039
0.8,10,5000,1021
0.8,20,4,987
0.8,20,5,976
0.8,20,10,937
0.8,20,20,1043
0.8,20,50,1004
0.8,20,100,1035
0.8,20,200,1039
0.8,20,500,1098
0.8,20,1000,1005
0.8,20,2000,1055
0.8,20,5000,1042
0.8,50,4,1009
0.8,50,5,1017
0.8,50,10,981
0.8,50,20,1037
0.8,50,50,1031
0.8,50,100,954
0.8,50,200,1062
0.8,50,500,1027
0.8,50,1000,994
0.8,50,2000,1049
0.8,50,5000,1076
0.8,100,4,1276
0.8,100,5,1030
0.8,100,10,920
0.8,100,20,1013
0.8,100,50,1009
0.8,100,100,891
0.8,100,200,1016
0.8,100,500,990
0.8,100,1000,944
0.8,100,2000,1132
0.8,100,5000,1012
0.8,200,4,996
0.8,200,5,1040
0.8,200,10,958
0.8,200,20,1038
0.8,200,50,1014
0.8,200,100,945
0.8,200,200,1039
0.8,200,500,1027
0.8,200,1000,978
0.8,200,2000,1045
0.8,200,5000,1046
0.8,500,4,980
0.8,500,5,992
0.8,500,10,935
0.8,500,20,1289
0.8,500,50,1056
0.8,500,100,901
0.8,500,200,1051
0.8,500,500,1439
0.8,500,1000,1482
0.8,500,2000,1025
0.8,500,5000,1048
0.8,1000,4,981
0.8,1000,5,1027
0.8,1000,10,965
0.8,1000,20,1064
0.8,1000,50,1023
0.8,1000,100,925
0.8,1000,200,1070
0.8,1000,500,1024
0.8,1000,1000,976
0.8,1000,2000,1045
0.8,1000,5000,1046
0.8,2000,4,956
0.8,2000,5,965
0.8,2000,10,901
0.8,2000,20,1037
0.8,2000,50,964
0.8,2000,100,872
0.8,2000,200,1352
0.8,2000,500,923
0.8,2000,1000,891
0.8,2000,2000,1002
0.8,2000,5000,1012
0.8,5000,4,1001
0.8,5000,5,1022
0.8,5000,10,964
0.8,5000,20,1060
0.8,5000,50,1018
0.8,5000,100,949
0.8,5000,200,1053
0.8,5000,500,1014
0.8,5000,1000,972
0.8,5000,2000,1081
0.8,5000,5000,1067
